feature_set,n_features,eval_set,best_cv_pr_auc,eval_pr_auc,eval_roc_auc,best_params,tn,fp,fn,tp
A_raw_sensors,50,validation,0.024871943377162056,0.0008299537311170278,0.11544635442617505,{'model__C': 0.1},6311,33829,46,14
B_raw_plus_missing,51,validation,0.02487201542832001,0.0008299537118119631,0.11544593921275534,{'model__C': 0.1},6311,33829,46,14
E_low_corr,35,validation,0.021717179465236002,0.0008104762415160152,0.0694714333167248,{'model__C': 10},35437,4703,60,0
C_raw_missing_rolling,231,validation,0.02362814071622403,0.0007745265502697031,0.036377262913137365,{'model__C': 1},20181,19959,60,0
F_low_corr_plus_rolling,99,validation,0.02531384875556311,0.0007619126876233755,0.005406078724464367,{'model__C': 1},31940,8200,60,0
D_priority_rolling,191,validation,0.021597322715291304,0.0007603553003233055,0.0031361069589769253,{'model__C': 0.001},34186,5954,60,0
