eval_set,feature_set,threshold,eval_pr_auc,eval_roc_auc,precision,recall,f1,tp,fp,fn,tn,total_events,detected_events,missed_events,event_recall,total_alerts,correct_alerts,false_alerts,false_alerts_per_day,event_alert_precision,full_event_detection,alerts_per_detected_event
validation,A_raw_sensors,0.92,0.0008299537311170278,0.11544635442617505,3.397893306150187e-05,0.016666666666666666,6.78195998643608e-05,1,29429,59,10711,1,1,0,1.0,602,1,601,21.52889375357596,0.0016611295681063123,1,602.0
validation,B_raw_plus_missing,0.92,0.0008299537118119631,0.11544593921275534,3.398008766862619e-05,0.016666666666666666,6.782189969141036e-05,1,29428,59,10712,1,1,0,1.0,602,1,601,21.52889375357596,0.0016611295681063123,1,602.0
validation,C_raw_missing_rolling,0.99,0.0007745265502697031,0.036377262913137365,0.0,0.0,0.0,0,13704,60,26436,1,0,1,0.0,454,0,454,16.263091121669692,0.0,0,inf
validation,D_priority_rolling,0.99,0.0007603553003233055,0.0031361069589769253,0.0,0.0,0.0,0,242,60,39898,1,0,1,0.0,14,0,14,0.5015050125625016,0.0,0,inf
validation,E_low_corr,0.99,0.0008104762415160152,0.0694714333167248,0.0,0.0,0.0,0,2500,60,37640,1,0,1,0.0,105,0,105,3.7612875942187616,0.0,0,inf
validation,F_low_corr_plus_rolling,0.99,0.0007619126876233755,0.005406078724464367,0.0,0.0,0.0,0,4242,60,35898,1,0,1,0.0,218,0,218,7.8091494813303814,0.0,0,inf
