eval_set,model,feature_set,sampling_strategy,neg_pos_ratio,n_train,train_positive_rate,threshold,eval_pr_auc,eval_roc_auc,precision,recall,f1,tp,fp,fn,tn,total_events,detected_events,missed_events,event_recall,total_alerts,correct_alerts,false_alerts,false_alerts_per_day,event_alert_precision,full_event_detection,alerts_per_detected_event
validation,mlp,B_raw_plus_missing,external_undersampling,10,2639,0.09094353921940129,0.89,0.7381608663080103,0.9571765487460554,1.0,0.11666666666666667,0.208955223880597,7,0,53,40140,1,1,0,1.0,1,1,0,0.0,1.0,1,1.0
validation,focal_mlp,B_raw_plus_missing,external_undersampling,10,2639,0.09094353921940129,0.87,0.30693343810587387,0.9246092841720644,1.0,0.05,0.09523809523809523,3,0,57,40140,1,1,0,1.0,1,1,0,0.0,1.0,1,1.0
validation,mlp_pca,B_raw_plus_missing,external_undersampling,10,2639,0.09094353921940129,0.9600000000000001,0.5658720608077926,0.9995195980734097,0.2916666666666667,0.11666666666666667,0.16666666666666666,7,17,53,40123,1,1,0,1.0,4,1,3,0.10746535983482176,0.25,1,4.0
validation,mlp_pca,E_low_corr,external_undersampling,20,5039,0.04762849771780115,0.9500000000000001,0.15091680105445318,0.9959931904999171,0.23333333333333334,0.8166666666666667,0.362962962962963,49,161,11,39979,1,1,0,1.0,5,1,4,0.143287146446429,0.2,1,5.0
validation,mlp,E_low_corr,external_undersampling,20,5039,0.04762849771780115,0.09,0.026306150340043705,0.9741616841056303,0.013215859030837005,0.2,0.024793388429752067,12,896,48,39244,1,1,0,1.0,42,1,41,1.4686932510758974,0.023809523809523808,1,42.0
validation,focal_mlp,E_low_corr,external_undersampling,20,5039,0.04762849771780115,0.28,0.0015044145126845987,0.5190254941039695,0.00019862288135593222,0.05,0.0003956739646531258,3,15101,57,25039,1,1,0,1.0,497,1,496,17.767606159357197,0.002012072434607646,1,497.0
