eval_set,feature_set,threshold,eval_pr_auc,eval_roc_auc,precision,recall,f1,tp,fp,fn,tn,total_events,detected_events,missed_events,event_recall,total_alerts,correct_alerts,false_alerts,false_alerts_per_day,event_alert_precision,full_event_detection,alerts_per_detected_event
validation,A_raw_sensors,0.99,0.0007876315650376368,0.0392696395947517,0.0,0.0,0.0,0,642,60,39498,1,0,1,0.0,27,0,27,0.9671882385133959,0.0,0,inf
validation,B_raw_plus_missing,0.99,0.0007876315650376368,0.0392696395947517,0.0,0.0,0.0,0,642,60,39498,1,0,1,0.0,27,0,27,0.9671882385133959,0.0,0,inf
validation,C_raw_missing_rolling,0.99,0.0007594127137221432,0.001083291811991366,0.0,0.0,0.0,0,184,60,39956,1,0,1,0.0,15,0,15,0.5373267991741087,0.0,0,inf
validation,D_priority_rolling,0.99,0.0007595917621836388,0.001331589436970602,0.0,0.0,0.0,0,251,60,39889,1,0,1,0.0,20,0,20,0.7164357322321451,0.0,0,inf
validation,E_low_corr,0.99,0.0011877197241546762,0.4204123069257598,0.00159995586328653,0.9666666666666667,0.00319462421855636,58,36193,2,3947,1,1,0,1.0,620,1,619,22.17368591258489,0.0016129032258064516,1,620.0
validation,F_low_corr_plus_rolling,0.99,0.0007603246059731442,0.002857913967779434,0.0,0.0,0.0,0,311,60,39829,1,0,1,0.0,31,0,31,1.1104753849598248,0.0,0,inf
