feature_set,n_features,eval_set,best_cv_pr_auc,eval_pr_auc,eval_roc_auc,best_params,tn,fp,fn,tp
E_low_corr,35,validation,0.019775674373854104,0.0011877197241546762,0.4204123069257598,{'model__C': 10},2624,37516,2,58
A_raw_sensors,50,validation,0.015958842111183955,0.0007876315650376368,0.0392696395947517,{'model__C': 10},8701,31439,60,0
B_raw_plus_missing,51,validation,0.015958842111183955,0.0007876315650376368,0.0392696395947517,{'model__C': 10},8701,31439,60,0
F_low_corr_plus_rolling,99,validation,0.022804176642842018,0.0007603246059731442,0.002857913967779434,{'model__C': 10},33102,7038,60,0
D_priority_rolling,191,validation,0.016937569443815893,0.0007595917621836388,0.001331589436970602,{'model__C': 10},28761,11379,60,0
C_raw_missing_rolling,231,validation,0.07424416358830174,0.0007594127137221432,0.001083291811991366,{'model__C': 10},32312,7828,60,0
